# case_id	ref	bam	interval_cli	padding	expected_tsv
chr1_5_15_sample	parity/fixtures/reference.fa	parity/fixtures/sample.bam	chr1:5-15	-	parity/fixtures/hc-full-parity/b2-locus/expected/chr1_5_15.sample_bam.tsv
chr1_prefix_trailing_depth0	parity/fixtures/reference.fa	parity/fixtures/hc-full-parity/b2/b2_read_prefix5.sam	chr1:8-14	-	parity/fixtures/hc-full-parity/b2-locus/expected/chr1_prefix_trailing_depth0.tsv
chr1_no_reads_empty_region	parity/fixtures/reference.fa	parity/fixtures/hc-full-parity/b2/b2_no_reads.sam	chr1:5-12	-	parity/fixtures/hc-full-parity/b2-locus/expected/chr1_no_reads_empty_region.tsv
chr1_softclip_2s3m	parity/fixtures/reference.fa	parity/fixtures/hc-full-parity/b2/b2_softclip_2s3m.sam	chr1:1-6	-	parity/fixtures/hc-full-parity/b2-locus/expected/chr1_softclip_2s3m.tsv
chr1_disjoint_pad5_two_inactive	parity/fixtures/reference.fa	parity/fixtures/sample.bam	chr1:1-5;chr1:20-25	5	parity/fixtures/hc-full-parity/b2-locus/expected/chr1_disjoint_pad5_two_inactive.tsv
p5_snp_chrlive_1_24	parity/fixtures/p5_live_reference.fa	parity/fixtures/p5_live_case_snp.sam	chrLive:1-24	-	parity/fixtures/hc-full-parity/b2-locus/expected/p5_snp_chrlive_1_24.tsv
p11_java_positive_chrlive	parity/fixtures/p5_live_reference.fa	parity/fixtures/p11_java_positive.sam	chrLive:1-63	-	parity/fixtures/hc-full-parity/b2-locus/expected/p11_java_positive_chrlive.tsv
p5_lowcomplex_chrlowc	parity/fixtures/p5_live_reference_lowcomplex.fa	parity/fixtures/p5_live_case_lowcomplex.sam	chrLowC:1-30	-	parity/fixtures/hc-full-parity/b2-locus/expected/p5_lowcomplex_chrlowc.tsv
p5_repeat_chrrepeat	parity/fixtures/p5_live_reference_repeat.fa	parity/fixtures/p5_live_case_repeat.sam	chrRepeat:1-68	-	parity/fixtures/hc-full-parity/b2-locus/expected/p5_repeat_chrrepeat.tsv
