contig	pos	gl0	gl1	gl2	active_prob	original_active_prob
chrLive	1	-0.00043331	-1.50543883	-20.88560627	0	0
chrLive	2	-0.00043331	-1.50543883	-20.88560627	0	0
chrLive	3	-0.00043331	-1.50543883	-20.88560627	0	0
chrLive	4	-0.00043331	-1.50543883	-20.88560627	0	0
chrLive	5	-0.00043331	-1.50543883	-20.88560627	0	0
chrLive	6	-0.00043331	-1.50543883	-20.88560627	0	0
chrLive	7	-0.00043331	-1.50543883	-20.88560627	0	0
chrLive	8	-0.00043331	-1.50543883	-20.88560627	0	0
chrLive	9	-0.00043331	-1.50543883	-20.88560627	0	0
chrLive	10	-0.00043331	-1.50543883	-20.88560627	0	0
chrLive	11	-12.53153709	-12.53153709	-12.53153709	0	0
chrLive	12	-0.00043331	-1.50543883	-20.88560627	0	0
chrLive	13	-0.00043331	-1.50543883	-20.88560627	0	0
chrLive	14	-0.00043331	-1.50543883	-20.88560627	0	0
chrLive	15	-0.00043331	-1.50543883	-20.88560627	0	0
chrLive	16	-0.00043331	-1.50543883	-20.88560627	0	0
chrLive	17	-0.00043331	-1.50543883	-20.88560627	0	0
chrLive	18	-0.00043331	-1.50543883	-20.88560627	0	0
chrLive	19	-0.00043331	-1.50543883	-20.88560627	0	0
chrLive	20	-0.00043331	-1.50543883	-20.88560627	0	0
chrLive	21	0	0	0	0	0
chrLive	22	0	0	0	0	0
chrLive	23	0	0	0	0	0
chrLive	24	0	0	0	0	0
