case_id	merge_all_combined
contig	20
pos	10
merged_null	false
allele_count	5
allele_0	A
allele_1	C
allele_2	G
allele_3	ATC
allele_4	*
sample_count	7
genotype_0_name	A_C
genotype_0_pl	30,20,10,71,72,73,71,72,73,73,71,72,73,73,73
genotype_1_name	A_G
genotype_1_pl	30,71,73,20,72,10,71,73,72,73,71,73,72,73,73
genotype_2_name	A_ATC
genotype_2_pl	30,71,73,71,73,73,20,72,72,10,71,73,73,72,73
genotype_3_name	A_C_G
genotype_3_pl	40,20,30,20,10,30,71,72,73,74,71,72,73,74,74
genotype_4_name	A
genotype_4_pl	0,100,1000,100,1000,1000,100,1000,1000,1000,100,1000,1000,1000,1000
genotype_5_name	AA
genotype_5_pl	0,80,800,80,800,800,80,800,800,800,80,800,800,800,800
genotype_6_name	AA_A
genotype_6_pl	30,71,73,71,73,73,71,73,73,73,20,72,72,72,10
has_non_ref	false
