QNAME	flags	qualifiedLen_Java	qualifiedLen_Rust	threshold_Java	threshold_Rust	max_ll_J_float	max_ll_J_double	max_ll_R_f64	winner_Java	winner_Rust	decision_Java	decision_Rust	extra_retain
HISEQ1:11:H8GV6ADXX:1:1104:4186:41128	83	19	19	-4.0	-4.0	-2.5648002624511719e0	-2.5647984847722114e0	-2.5647984867460423e0	c271d95dba362ffb	c271d95dba362ffb	KEEP	KEEP	false
HISEQ1:11:H8GV6ADXX:1:1104:4186:41128	163	46	46	-4.0	-4.0	-2.5791206359863281e0	-2.5791215922865263e0	-2.5791215977289994e0	a849791c2b4203ee	a849791c2b4203ee	KEEP	KEEP	false
HISEQ1:11:H8GV6ADXX:1:1108:6005:20931	83	61	61	-8.0	-8.0	-2.5823097229003906e0	-2.5823084799208118e0	-2.5823084865514829e0	c271d95dba362ffb	c271d95dba362ffb	KEEP	KEEP	false
HISEQ1:11:H8GV6ADXX:1:1115:13623:100958	147	131	131	-8.0	-8.0	-2.6373558044433594e0	-2.6373547376443298e0	-2.6373547530304222e0	c271d95dba362ffb	1dd66445a07ff86c	KEEP	KEEP	false
HISEQ1:11:H8GV6ADXX:1:1116:4033:65919	147	93	93	-8.0	-8.0	-1.6036947250366211e1	-1.6036947386726695e1	-1.6036947398990833e1	a849791c2b4203ee	a849791c2b4203ee	DROP	DROP	false
HISEQ1:11:H8GV6ADXX:1:1201:12241:62342	83	148	148	-8.0	-8.0	-2.6491508483886719e0	-2.6491491108012042e0	-2.6491491285522102e0	c271d95dba362ffb	c271d95dba362ffb	KEEP	KEEP	false
HISEQ1:11:H8GV6ADXX:1:1201:12241:62342	163	112	112	-8.0	-8.0	-2.6356315612792969e0	-2.6356308390333538e0	-2.6356308535571884e0	24c70f85fc3bc595	24c70f85fc3bc595	KEEP	KEEP	false
HISEQ1:11:H8GV6ADXX:1:1203:17733:55670	147	63	63	-8.0	-8.0	-2.6134185791015625e0	-2.6134201500858580e0	-2.6134201585154528e0	009b3e4fc3c00bfa	009b3e4fc3c00bfa	KEEP	KEEP	false
HISEQ1:11:H8GV6ADXX:1:1204:16745:38126	147	148	148	-8.0	-8.0	-2.6464157104492188e0	-2.6464165590753055e0	-2.6464165766171845e0	1dd66445a07ff86c	1dd66445a07ff86c	KEEP	KEEP	false
HISEQ1:11:H8GV6ADXX:1:1210:3128:10108	147	104	104	-8.0	-8.0	-2.6366310119628906e0	-2.6366313838239535e0	-2.6366313975307776e0	24c70f85fc3bc595	24c70f85fc3bc595	KEEP	KEEP	false
HISEQ1:11:H8GV6ADXX:1:1213:10338:76652	163	38	38	-4.0	-4.0	-2.5956687927246094e0	-2.5956698091198405e0	-2.5956698137956096e0	c271d95dba362ffb	e21e56f2bb86a60b	KEEP	KEEP	false
HISEQ1:11:H8GV6ADXX:1:2104:1513:33781	83	55	55	-8.0	-8.0	-2.5992050170898438e0	-2.5992059975741881e0	-2.5992060050277246e0	009b3e4fc3c00bfa	c59cd4408a696108	KEEP	KEEP	false
HISEQ1:11:H8GV6ADXX:1:2106:20088:100260	83	148	148	-8.0	-8.0	-2.6477317810058594e0	-2.6477303419553095e0	-2.6477303615297956e0	65ecab37015c4ded	65ecab37015c4ded	KEEP	KEEP	false
HISEQ1:11:H8GV6ADXX:1:2114:19510:54830	147	114	114	-8.0	-8.0	-2.6256332397460938e0	-2.6256314793320144e0	-2.6256314920843806e0	5c14fc1598ce818a	5c14fc1598ce818a	KEEP	KEEP	false
HISEQ1:11:H8GV6ADXX:1:2116:18670:99941	147	55	55	-8.0	-8.0	-2.6138305664062500e0	-2.6138318077008194e0	-2.6138318150888722e0	5c15d6193ce64f9f	c59cd4408a696108	KEEP	KEEP	false
HISEQ1:11:H8GV6ADXX:1:2205:11286:28668	147	21	21	-4.0	-4.0	-2.5729637145996094e0	-2.5729649355762945e0	-2.5729649383941933e0	a849791c2b4203ee	a849791c2b4203ee	KEEP	KEEP	false
HISEQ1:11:H8GV6ADXX:1:2208:12360:9637	99	148	148	-8.0	-8.0	-2.6487007141113281e0	-2.6487016791217570e0	-2.6487016997205046e0	65ecab37015c4ded	65ecab37015c4ded	KEEP	KEEP	false
HISEQ1:11:H8GV6ADXX:1:2208:19582:60012	83	23	23	-4.0	-4.0	-2.5722885131835938e0	-2.5722886801410709e0	-2.5722886832516565e0	a849791c2b4203ee	a849791c2b4203ee	KEEP	KEEP	false
HISEQ1:11:H8GV6ADXX:1:2208:2136:93903	147	148	148	-8.0	-8.0	-2.8983840942382812e0	-2.8983857883026189e0	-2.8983858075117723e0	c271d95dba362ffb	c271d95dba362ffb	KEEP	KEEP	false
HISEQ1:11:H8GV6ADXX:1:2210:16806:13851	83	121	121	-8.0	-8.0	-2.6447334289550781e0	-2.6447330812343921e0	-2.6447330972665100e0	24c70f85fc3bc595	24c70f85fc3bc595	KEEP	KEEP	false
HISEQ1:11:H8GV6ADXX:2:1102:6012:55560	147	148	148	-8.0	-8.0	-1.8581333160400391e1	-1.8581331946484966e1	-1.8581331963409639e1	24c70f85fc3bc595	24c70f85fc3bc595	DROP	DROP	false
HISEQ1:11:H8GV6ADXX:2:1106:10317:23362	99	18	18	-4.0	-4.0	-2.6934089660644531e0	-2.6934102710156367e0	-2.6934102732127485e0	a849791c2b4203ee	c59cd4408a696108	KEEP	KEEP	false
HISEQ1:11:H8GV6ADXX:2:1108:16790:21960	83	148	148	-8.0	-8.0	-9.6997337341308594e0	-9.6997335632460704e0	-9.6997335808743514e0	ecd9cfeb09b64cc9	ecd9cfeb09b64cc9	DROP	DROP	false
HISEQ1:11:H8GV6ADXX:2:2105:12137:22761	163	72	72	-8.0	-8.0	-5.6836719512939453e0	-5.6836730069119881e0	-5.6836730149651657e0	89c6d3791de60a14	89c6d3791de60a14	KEEP	KEEP	false
HISEQ1:11:H8GV6ADXX:2:2109:18699:33173	147	148	148	-8.0	-8.0	-2.6472625732421875e0	-2.6472629263255953e0	-2.6472629457501284e0	24c70f85fc3bc595	24c70f85fc3bc595	KEEP	KEEP	false
HISEQ1:11:H8GV6ADXX:2:2110:12406:67773	163	126	126	-8.0	-8.0	-9.0670394897460938e0	-9.0670400405873579e0	-9.0670400560570101e0	89c6d3791de60a14	89c6d3791de60a14	DROP	DROP	false
HISEQ1:11:H8GV6ADXX:2:2111:3453:47357	83	51	51	-8.0	-8.0	-2.5969429016113281e0	-2.5969437442311119e0	-2.5969437510219109e0	1906c7405fb62081	1906c7405fb62081	KEEP	KEEP	false
HISEQ1:11:H8GV6ADXX:2:2114:10070:84078	163	148	148	-8.0	-8.0	-1.6454797744750977e1	-1.6454797844634072e1	-1.6454797864932516e1	ecd9cfeb09b64cc9	ecd9cfeb09b64cc9	DROP	DROP	false
HISEQ1:11:H8GV6ADXX:2:2209:12379:22070	83	49	49	-4.0	-4.0	-2.7380561828613281e0	-2.7380562798002188e0	-2.7380562863466480e0	a849791c2b4203ee	5c15d6193ce64f9f	KEEP	KEEP	false
HISEQ1:11:H8GV6ADXX:2:2209:12379:22070	163	39	39	-4.0	-4.0	-2.7319450378417969e0	-2.7319465311229010e0	-2.7319465357290369e0	a849791c2b4203ee	a849791c2b4203ee	KEEP	KEEP	false
HISEQ1:11:H8GV6ADXX:2:2214:18957:23712	83	135	135	-8.0	-8.0	-1.1686717987060547e1	-1.1686717939244033e1	-1.1686717957219400e1	c59cd4408a696108	c59cd4408a696108	DROP	DROP	false
HISEQ1:11:H8GV6ADXX:2:2216:2203:76921	147	52	52	-8.0	-8.0	-4.5813198089599609e0	-4.5813206749959932e0	-4.5813206804725723e0	c271d95dba362ffb	89c6d3791de60a14	KEEP	KEEP	false
HISEQ1:12:H8GVUADXX:1:1104:20666:97464	83	148	148	-8.0	-8.0	-2.6455612182617188e0	-2.6455629035371544e0	-2.6455629230779323e0	c271d95dba362ffb	1906c7405fb62081	KEEP	KEEP	false
HISEQ1:12:H8GVUADXX:1:1106:3080:10032	147	100	100	-8.0	-8.0	-3.7932319641113281e0	-3.7932316574997458e0	-3.7932316683643421e0	e21e56f2bb86a60b	e21e56f2bb86a60b	KEEP	KEEP	false
HISEQ1:12:H8GVUADXX:1:1110:16456:8464	147	15	15	-4.0	-4.0	-2.5670242309570312e0	-2.5670221063403460e0	-2.5670221084292280e0	c271d95dba362ffb	c59cd4408a696108	KEEP	KEEP	false
HISEQ1:12:H8GVUADXX:1:1116:10149:13745	163	116	116	-8.0	-8.0	-9.4184303283691406e0	-9.4184312987208614e0	-9.4184313128473036e0	91f3de0e1511601f	91f3de0e1511601f	DROP	DROP	false
HISEQ1:12:H8GVUADXX:1:1201:10428:98142	83	93	93	-8.0	-8.0	-5.9243087768554688e0	-5.9243095405705049e0	-5.9243095531882091e0	c271d95dba362ffb	c271d95dba362ffb	KEEP	KEEP	false
HISEQ1:12:H8GVUADXX:1:1209:20409:71397	147	148	148	-8.0	-8.0	-2.6483192443847656e0	-2.6483211843185472e0	-2.6483212031199059e0	65ecab37015c4ded	65ecab37015c4ded	KEEP	KEEP	false
HISEQ1:12:H8GVUADXX:1:1209:3745:66274	147	148	148	-8.0	-8.0	-2.6495399475097656e0	-2.6495411683462748e0	-2.6495411863801337e0	c271d95dba362ffb	c43aac903446de45	KEEP	KEEP	false
HISEQ1:12:H8GVUADXX:1:1212:6079:70954	147	148	148	-8.0	-8.0	-2.6438674926757812e0	-2.6438658639019081e0	-2.6438658829469546e0	24c70f85fc3bc595	24c70f85fc3bc595	KEEP	KEEP	false
HISEQ1:12:H8GVUADXX:1:1212:9362:100916	147	145	145	-8.0	-8.0	-1.3555273056030273e1	-1.3555272635643519e1	-1.3555272654061980e1	c59cd4408a696108	c59cd4408a696108	DROP	DROP	false
HISEQ1:12:H8GVUADXX:1:1214:14659:95634	147	143	143	-8.0	-8.0	-1.2580610275268555e1	-1.2580610696602605e1	-1.2580610714876343e1	c59cd4408a696108	c59cd4408a696108	DROP	DROP	false
HISEQ1:12:H8GVUADXX:1:2102:3262:64140	99	91	91	-8.0	-8.0	-2.6005210876464844e0	-2.6005208382461547e0	-2.6005208500298522e0	24c70f85fc3bc595	24c70f85fc3bc595	KEEP	KEEP	false
HISEQ1:12:H8GVUADXX:1:2107:7400:33945	163	148	148	-8.0	-8.0	-1.7911548614501953e1	-1.7911547941724507e1	-1.7911547961433939e1	24c70f85fc3bc595	24c70f85fc3bc595	DROP	DROP	false
HISEQ1:12:H8GVUADXX:1:2113:19174:50109	147	38	38	-4.0	-4.0	-2.5904197692871094e0	-2.5904184149428602e0	-2.5904184201356202e0	a849791c2b4203ee	a849791c2b4203ee	KEEP	KEEP	false
HISEQ1:12:H8GVUADXX:1:2114:19696:40833	147	23	23	-4.0	-4.0	-2.5752868652343750e0	-2.5752860916097688e0	-2.5752860947203544e0	a849791c2b4203ee	a849791c2b4203ee	KEEP	KEEP	false
HISEQ1:12:H8GVUADXX:1:2115:4673:74518	163	78	78	-8.0	-8.0	-2.5913467407226562e0	-2.5913453694982991e0	-2.5913453791010852e0	009b3e4fc3c00bfa	009b3e4fc3c00bfa	KEEP	KEEP	false
HISEQ1:12:H8GVUADXX:1:2202:3463:2165	163	148	148	-8.0	-8.0	-2.6486816406250000e0	-2.6486821439185064e0	-2.6486821623665264e0	1dd66445a07ff86c	1dd66445a07ff86c	KEEP	KEEP	false
HISEQ1:12:H8GVUADXX:1:2215:18324:5571	147	113	113	-8.0	-8.0	-5.9393711090087891e0	-5.9393705330784883e0	-5.9393705478872789e0	009b3e4fc3c00bfa	009b3e4fc3c00bfa	KEEP	KEEP	false
HISEQ1:12:H8GVUADXX:2:1205:15180:54816	83	134	134	-8.0	-8.0	-2.6389923095703125e0	-2.6389941544296107e0	-2.6389941705187425e0	c271d95dba362ffb	c271d95dba362ffb	KEEP	KEEP	false
HISEQ1:12:H8GVUADXX:2:1207:17498:50295	83	40	40	-4.0	-4.0	-2.7174072265625000e0	-2.7174060438718470e0	-2.7174060491487921e0	1906c7405fb62081	1906c7405fb62081	KEEP	KEEP	false
HISEQ1:12:H8GVUADXX:2:1216:17904:51162	163	99	99	-8.0	-8.0	-2.6252593994140625e0	-2.6252618081160790e0	-2.6252618193876174e0	c271d95dba362ffb	c271d95dba362ffb	KEEP	KEEP	false
HISEQ1:12:H8GVUADXX:2:2101:5886:62257	147	117	117	-8.0	-8.0	-9.8747615814208984e0	-9.8747618978186438e0	-9.8747619111692302e0	89c6d3791de60a14	89c6d3791de60a14	DROP	DROP	false
HISEQ1:12:H8GVUADXX:2:2112:17794:55566	83	148	148	-8.0	-8.0	-2.6441841125488281e0	-2.6441838102570046e0	-2.6441838295316415e0	c271d95dba362ffb	c271d95dba362ffb	KEEP	KEEP	false
HISEQ1:12:H8GVUADXX:2:2202:3733:18827	83	148	148	-8.0	-8.0	-2.6453742980957031e0	-2.6453743367279685e0	-2.6453743559084728e0	c271d95dba362ffb	c271d95dba362ffb	KEEP	KEEP	false
HISEQ1:12:H8GVUADXX:2:2205:2627:20388	147	117	117	-8.0	-8.0	-1.8357955932617188e1	-1.8357955084545210e1	-1.8357955099935054e1	a849791c2b4203ee	a849791c2b4203ee	DROP	DROP	false
HISEQ1:12:H8GVUADXX:2:2207:17709:53906	99	148	148	-8.0	-8.0	-2.6496429443359375e0	-2.6496437460750712e0	-2.6496437667966575e0	c271d95dba362ffb	c271d95dba362ffb	KEEP	KEEP	false
HISEQ1:12:H8GVUADXX:2:2207:4812:31918	83	148	148	-8.0	-8.0	-9.8074436187744141e0	-9.8074449965264421e0	-9.8074450145256833e0	ecd9cfeb09b64cc9	ecd9cfeb09b64cc9	DROP	DROP	false
HISEQ1:12:H8GVUADXX:2:2208:12293:39899	83	148	148	-8.0	-8.0	-1.2773694992065430e1	-1.2773694758869510e1	-1.2773694776889101e1	24c70f85fc3bc595	24c70f85fc3bc595	DROP	DROP	false
HISEQ1:12:H8GVUADXX:2:2211:16207:84322	83	148	148	-8.0	-8.0	-2.6451873779296875e0	-2.6451852122571609e0	-2.6451852319352156e0	24c70f85fc3bc595	24c70f85fc3bc595	KEEP	KEEP	false
HISEQ1:13:H8G92ADXX:1:1103:8983:35134	83	101	101	-8.0	-8.0	-2.7364158630371094e0	-2.7364175722410664e0	-2.7364175833407671e0	c271d95dba362ffb	ed8a8a8547a91805	KEEP	KEEP	false
HISEQ1:13:H8G92ADXX:1:1107:14366:37150	83	144	144	-8.0	-8.0	-1.3366281509399414e1	-1.3366282117180845e1	-1.3366282134369385e1	2e61b003aa3de104	2e61b003aa3de104	DROP	DROP	false
HISEQ1:13:H8G92ADXX:1:1116:9084:87141	99	148	148	-8.0	-8.0	-2.9089317321777344e0	-2.9089326324065610e0	-2.9089326515604625e0	c271d95dba362ffb	c271d95dba362ffb	KEEP	KEEP	false
HISEQ1:13:H8G92ADXX:1:1116:9084:87141	147	148	148	-8.0	-8.0	-2.9097671508789062e0	-2.9097676526685632e0	-2.9097676716305045e0	c271d95dba362ffb	c271d95dba362ffb	KEEP	KEEP	false
HISEQ1:13:H8G92ADXX:1:1201:11859:45984	147	85	85	-8.0	-8.0	-6.1713218688964844e0	-6.1713217429893916e0	-6.1713217519435943e0	89c6d3791de60a14	89c6d3791de60a14	KEEP	KEEP	false
HISEQ1:13:H8G92ADXX:1:1205:16330:83279	163	18	18	-4.0	-4.0	-2.5700378417968750e0	-2.5700385522156921e0	-2.5700385544369624e0	c271d95dba362ffb	c271d95dba362ffb	KEEP	KEEP	false
HISEQ1:13:H8G92ADXX:1:1214:8757:76066	83	81	81	-8.0	-8.0	-2.5945777893066406e0	-2.5945791022908793e0	-2.5945791111823269e0	91f3de0e1511601f	91f3de0e1511601f	KEEP	KEEP	false
HISEQ1:13:H8G92ADXX:1:2103:3021:81022	163	13	13	-4.0	-4.0	-2.5650711059570312e0	-2.5650698721784124e0	-2.5650698735763058e0	c271d95dba362ffb	c59cd4408a696108	KEEP	KEEP	false
HISEQ1:13:H8G92ADXX:1:2104:7232:90011	147	148	148	-8.0	-8.0	-1.3010034561157227e1	-1.3010035080788839e1	-1.3010035098257333e1	24c70f85fc3bc595	24c70f85fc3bc595	DROP	DROP	false
HISEQ1:13:H8G92ADXX:1:2105:8544:6051	99	148	148	-8.0	-8.0	-2.6425590515136719e0	-2.6425575637747443e0	-2.6425575841246314e0	65ecab37015c4ded	65ecab37015c4ded	KEEP	KEEP	false
HISEQ1:13:H8G92ADXX:1:2211:12679:32928	147	71	71	-8.0	-8.0	-5.8899478912353516e0	-5.8899471138765875e0	-5.8899471234689713e0	c271d95dba362ffb	c271d95dba362ffb	KEEP	KEEP	false
HISEQ1:13:H8G92ADXX:1:2212:13761:21917	99	112	112	-8.0	-8.0	-2.6263542175292969e0	-2.6263554332290937e0	-2.6263554467774384e0	c271d95dba362ffb	c271d95dba362ffb	KEEP	KEEP	false
HISEQ1:13:H8G92ADXX:1:2215:3048:31329	163	86	86	-8.0	-8.0	-2.6148986816406250e0	-2.6148976297423019e0	-2.6148976405601161e0	009b3e4fc3c00bfa	009b3e4fc3c00bfa	KEEP	KEEP	false
HISEQ1:13:H8G92ADXX:1:2215:3173:45084	83	129	129	-8.0	-8.0	-1.6344617843627930e1	-1.6344618364300231e1	-1.6344618381501277e1	009b3e4fc3c00bfa	009b3e4fc3c00bfa	DROP	DROP	false
HISEQ1:13:H8G92ADXX:2:1109:19344:92965	83	128	128	-8.0	-8.0	-9.4817619323730469e0	-9.4817606223636517e0	-9.4817606374958814e0	2e61b003aa3de104	2e61b003aa3de104	DROP	DROP	false
HISEQ1:13:H8G92ADXX:2:1110:2028:2639	99	148	148	-8.0	-8.0	-3.3048629760742188e0	-3.3048619620784052e0	-3.3048619811172557e0	c271d95dba362ffb	c271d95dba362ffb	KEEP	KEEP	false
HISEQ1:13:H8G92ADXX:2:1112:17233:72743	83	141	141	-8.0	-8.0	-6.4143257141113281e0	-6.4143254700491070e0	-6.4143254867121868e0	9cf49bb5853dd154	9cf49bb5853dd154	KEEP	KEEP	false
HISEQ1:13:H8G92ADXX:2:1112:5418:11026	83	148	148	-8.0	-8.0	-2.6432456970214844e0	-2.6432476031196188e0	-2.6432476208622688e0	c271d95dba362ffb	c271d95dba362ffb	KEEP	KEEP	false
HISEQ1:13:H8G92ADXX:2:1112:5418:11026	163	115	115	-8.0	-8.0	-2.6294479370117188e0	-2.6294470537155803e0	-2.6294470686365230e0	24c70f85fc3bc595	24c70f85fc3bc595	KEEP	KEEP	false
HISEQ1:13:H8G92ADXX:2:1112:9366:63936	83	148	148	-8.0	-8.0	-2.6447219848632812e0	-2.6447231331853800e0	-2.6447231521362369e0	c271d95dba362ffb	c271d95dba362ffb	KEEP	KEEP	false
HISEQ1:13:H8G92ADXX:2:1205:1862:61782	99	88	88	-8.0	-8.0	-2.6137008666992188e0	-2.6137012781275644e0	-2.6137012881844726e0	c271d95dba362ffb	c271d95dba362ffb	KEEP	KEEP	false
HISEQ1:13:H8G92ADXX:2:1207:5295:91465	83	41	41	-4.0	-4.0	-2.5875244140625000e0	-2.5875258519466229e0	-2.5875258575379689e0	a849791c2b4203ee	a849791c2b4203ee	KEEP	KEEP	false
HISEQ1:13:H8G92ADXX:2:1209:2537:66911	163	109	109	-8.0	-8.0	-2.6212158203125000e0	-2.6212173825792320e0	-2.6212173963602368e0	24c70f85fc3bc595	24c70f85fc3bc595	KEEP	KEEP	false
HISEQ1:13:H8G92ADXX:2:1210:1858:43133	163	112	112	-8.0	-8.0	-2.6235580444335938e0	-2.6235583299853147e0	-2.6235583445446764e0	24c70f85fc3bc595	24c70f85fc3bc595	KEEP	KEEP	false
HISEQ1:13:H8G92ADXX:2:1213:16884:94948	163	148	148	-8.0	-8.0	-2.7848396301269531e0	-2.7848391655696787e0	-2.7848391857120873e0	65ecab37015c4ded	65ecab37015c4ded	KEEP	KEEP	false
HISEQ1:13:H8G92ADXX:2:1215:12634:27990	147	60	60	-8.0	-8.0	-9.0226688385009766e0	-9.0226688066263705e0	-9.0226688141837599e0	1906c7405fb62081	1906c7405fb62081	DROP	DROP	false
HISEQ1:13:H8G92ADXX:2:2102:1356:32269	99	20	20	-4.0	-4.0	-2.5646934509277344e0	-2.5646936196976640e0	-2.5646936219523582e0	a849791c2b4203ee	a849791c2b4203ee	KEEP	KEEP	false
HISEQ1:13:H8G92ADXX:2:2106:15182:80281	83	88	88	-8.0	-8.0	-2.6287651062011719e0	-2.6287655055055552e0	-2.6287655175630675e0	5c15d6193ce64f9f	5c15d6193ce64f9f	KEEP	KEEP	false
HISEQ1:13:H8G92ADXX:2:2107:3718:50629	147	148	148	-8.0	-8.0	-2.7667808532714844e0	-2.7667809013792635e0	-2.7667809206808442e0	c271d95dba362ffb	65ecab37015c4ded	KEEP	KEEP	false
HISEQ1:13:H8G92ADXX:2:2108:17967:93480	83	148	148	-8.0	-8.0	-3.0482826232910156e0	-3.0482838584995307e0	-3.0482838780002339e0	c271d95dba362ffb	24c70f85fc3bc595	KEEP	KEEP	false
HISEQ1:13:H8G92ADXX:2:2113:4233:45005	147	124	124	-8.0	-8.0	-1.5075290679931641e1	-1.5075290088298345e1	-1.5075290104439887e1	c271d95dba362ffb	c271d95dba362ffb	DROP	DROP	false
HISEQ1:13:H8G92ADXX:2:2210:16889:51588	83	148	148	-8.0	-8.0	-2.6434364318847656e0	-2.6434383932854644e0	-2.6434384110275460e0	c271d95dba362ffb	c271d95dba362ffb	KEEP	KEEP	false
HISEQ1:13:H8G92ADXX:2:2212:13822:50150	147	148	148	-8.0	-8.0	-2.6427536010742188e0	-2.6427537667656793e0	-2.6427537862297186e0	24c70f85fc3bc595	24c70f85fc3bc595	KEEP	KEEP	false
HISEQ1:9:H8962ADXX:1:1105:6235:77999	83	106	106	-8.0	-8.0	-2.6534423828125000e0	-2.6534421500336407e0	-2.6534421643737005e0	c59cd4408a696108	c59cd4408a696108	KEEP	KEEP	false
HISEQ1:9:H8962ADXX:1:1106:10350:18258	147	69	69	-8.0	-8.0	-2.6131210327148438e0	-2.6131212493027647e0	-2.6131212584610921e0	5c15d6193ce64f9f	5c15d6193ce64f9f	KEEP	KEEP	false
HISEQ1:9:H8962ADXX:1:1107:10772:94306	83	33	33	-4.0	-4.0	-2.5813903808593750e0	-2.5813894572968366e0	-2.5813894616538278e0	c271d95dba362ffb	c271d95dba362ffb	KEEP	KEEP	false
HISEQ1:9:H8962ADXX:1:1109:11943:58970	147	39	39	-4.0	-4.0	-2.5890769958496094e0	-2.5890784466511718e0	-2.5890784518056194e0	1906c7405fb62081	1906c7405fb62081	KEEP	KEEP	false
HISEQ1:9:H8962ADXX:1:1110:12402:16069	83	70	70	-8.0	-8.0	-2.6130638122558594e0	-2.6130626166515754e0	-2.6130626261480074e0	5c15d6193ce64f9f	5c15d6193ce64f9f	KEEP	KEEP	false
HISEQ1:9:H8962ADXX:1:1112:19265:60083	99	106	106	-8.0	-8.0	-2.6215972900390625e0	-2.6215969991517341e0	-2.6215970116029439e0	c271d95dba362ffb	c271d95dba362ffb	KEEP	KEEP	false
HISEQ1:9:H8962ADXX:1:1116:1737:10125	147	23	23	-4.0	-4.0	-2.5734558105468750e0	-2.5734560760450904e0	-2.5734560790745604e0	c271d95dba362ffb	c271d95dba362ffb	KEEP	KEEP	false
HISEQ1:9:H8962ADXX:1:1213:5437:90850	147	26	26	-4.0	-4.0	-2.5662422180175781e0	-2.5662403309381148e0	-2.5662403335572890e0	c271d95dba362ffb	c271d95dba362ffb	KEEP	KEEP	false
HISEQ1:9:H8962ADXX:1:2106:14891:52895	147	148	148	-8.0	-8.0	-2.6471939086914062e0	-2.6471923930027970e0	-2.6471924123809458e0	c271d95dba362ffb	d559ca57cac1cff2	KEEP	KEEP	false
HISEQ1:9:H8962ADXX:1:2109:11968:22409	99	52	52	-8.0	-8.0	-2.5956802368164062e0	-2.5956806538119963e0	-2.5956806599093056e0	c271d95dba362ffb	89c6d3791de60a14	KEEP	KEEP	false
HISEQ1:9:H8962ADXX:1:2111:7580:31985	83	148	148	-8.0	-8.0	-2.6501617431640625e0	-2.6501629431520541e0	-2.6501629624711427e0	c271d95dba362ffb	c271d95dba362ffb	KEEP	KEEP	false
HISEQ1:9:H8962ADXX:1:2202:18336:27346	99	31	31	-4.0	-4.0	-2.5692138671875000e0	-2.5692123368947932e0	-2.5692123405871143e0	a849791c2b4203ee	a849791c2b4203ee	KEEP	KEEP	false
HISEQ1:9:H8962ADXX:1:2202:18336:27346	147	109	109	-8.0	-8.0	-2.6131744384765625e0	-2.6131736508736481e0	-2.6131736631314197e0	c271d95dba362ffb	c271d95dba362ffb	KEEP	KEEP	false
HISEQ1:9:H8962ADXX:1:2212:15086:16350	147	148	148	-8.0	-8.0	-2.6423454284667969e0	-2.6423461216753594e0	-2.6423461401586792e0	24c70f85fc3bc595	24c70f85fc3bc595	KEEP	KEEP	false
HISEQ1:9:H8962ADXX:1:2214:3946:13940	83	148	148	-8.0	-8.0	-2.6453208923339844e0	-2.6453197080774657e0	-2.6453197259236276e0	65ecab37015c4ded	65ecab37015c4ded	KEEP	KEEP	false
HISEQ1:9:H8962ADXX:2:1101:10414:78538	83	148	148	-8.0	-8.0	-2.6451911926269531e0	-2.6451893713493746e0	-2.6451893908687794e0	c271d95dba362ffb	65ecab37015c4ded	KEEP	KEEP	false
HISEQ1:9:H8962ADXX:2:1103:2583:20293	163	148	148	-8.0	-8.0	-2.6559066772460938e0	-2.6559076013658682e0	-2.6559076199048945e0	24c70f85fc3bc595	24c70f85fc3bc595	KEEP	KEEP	false
HISEQ1:9:H8962ADXX:2:1104:19714:91101	147	16	16	-4.0	-4.0	-2.5628776550292969e0	-2.5628768662172661e0	-2.5628768677062226e0	c271d95dba362ffb	ecd9cfeb09b64cc9	KEEP	KEEP	false
HISEQ1:9:H8962ADXX:2:1105:19831:29366	83	16	16	-4.0	-4.0	-2.5629005432128906e0	-2.5629000807904276e0	-2.5629000822669354e0	c271d95dba362ffb	ecd9cfeb09b64cc9	KEEP	KEEP	false
HISEQ1:9:H8962ADXX:2:1106:18179:65819	83	135	135	-8.0	-8.0	-9.5904808044433594e0	-9.5904801233335206e0	-9.5904801393382968e0	150250adf6ff10df	150250adf6ff10df	DROP	DROP	false
HISEQ1:9:H8962ADXX:2:1204:18781:24252	163	148	148	-8.0	-8.0	-3.4430541992187500e0	-3.4430533677456197e0	-3.4430533868348903e0	65ecab37015c4ded	65ecab37015c4ded	KEEP	KEEP	false
HISEQ1:9:H8962ADXX:2:1206:11075:50547	99	36	36	-4.0	-4.0	-2.5713615417480469e0	-2.5713596314210463e0	-2.5713596357338133e0	a849791c2b4203ee	a849791c2b4203ee	KEEP	KEEP	false
HISEQ1:9:H8962ADXX:2:1206:11075:50547	147	29	29	-4.0	-4.0	-2.5679779052734375e0	-2.5679758892521818e0	-2.5679758922324822e0	c271d95dba362ffb	c271d95dba362ffb	KEEP	KEEP	false
HISEQ1:9:H8962ADXX:2:1210:4343:74696	147	148	148	-8.0	-8.0	-3.0520553588867188e0	-3.0520567395919898e0	-3.0520567589538814e0	24c70f85fc3bc595	24c70f85fc3bc595	KEEP	KEEP	false
HISEQ1:9:H8962ADXX:2:1212:2833:58042	83	66	66	-8.0	-8.0	-9.0613708496093750e0	-9.0613705629201036e0	-9.0613705716306754e0	a849791c2b4203ee	a849791c2b4203ee	DROP	DROP	false
HISEQ1:9:H8962ADXX:2:2101:14564:85219	163	30	30	-4.0	-4.0	-2.5810508728027344e0	-2.5810512989058907e0	-2.5810513024975990e0	c271d95dba362ffb	c271d95dba362ffb	KEEP	KEEP	false
HISEQ1:9:H8962ADXX:2:2111:4053:81460	83	73	73	-8.0	-8.0	-2.5896644592285156e0	-2.5896626428026366e0	-2.5896626507366705e0	c271d95dba362ffb	c271d95dba362ffb	KEEP	KEEP	false
HISEQ1:9:H8962ADXX:2:2114:20849:11295	83	137	137	-8.0	-8.0	-1.3613021850585938e1	-1.3613022394547443e1	-1.3613022410474059e1	70c5fefeb88e0b16	70c5fefeb88e0b16	DROP	DROP	false
HISEQ1:9:H8962ADXX:2:2201:14338:36616	83	45	45	-4.0	-4.0	-2.5919418334960938e0	-2.5919413200057306e0	-2.5919413259272801e0	c271d95dba362ffb	c271d95dba362ffb	KEEP	KEEP	false
HISEQ1:9:H8962ADXX:2:2203:21269:83100	99	148	148	-8.0	-8.0	-3.0397796630859375e0	-3.0397791369905462e0	-3.0397791564860768e0	c271d95dba362ffb	65ecab37015c4ded	KEEP	KEEP	false
HISEQ1:9:H8962ADXX:2:2203:21269:83100	147	148	148	-8.0	-8.0	-3.0344123840332031e0	-3.0344145995678673e0	-3.0344146169943542e0	c271d95dba362ffb	c271d95dba362ffb	KEEP	KEEP	false
HISEQ1:9:H8962ADXX:2:2212:1195:72188	147	100	100	-8.0	-8.0	-2.6587715148925781e0	-2.6587713042931114e0	-2.6587713175718477e0	24c70f85fc3bc595	24c70f85fc3bc595	KEEP	KEEP	false
HWI-D00360:5:H814YADXX:1:1107:10132:8763	147	43	43	-4.0	-4.0	-2.7118682861328125e0	-2.7118676007981435e0	-2.7118676067175329e0	a849791c2b4203ee	a849791c2b4203ee	KEEP	KEEP	false
HWI-D00360:5:H814YADXX:1:1107:5408:90614	83	55	55	-8.0	-8.0	-2.5990982055664062e0	-2.5990993618774496e0	-2.5990993693716860e0	009b3e4fc3c00bfa	5c15d6193ce64f9f	KEEP	KEEP	false
HWI-D00360:5:H814YADXX:1:1202:11051:34179	147	86	86	-8.0	-8.0	-2.5978393554687500e0	-2.5978376841386535e0	-2.5978376934221501e0	e21e56f2bb86a60b	e21e56f2bb86a60b	KEEP	KEEP	false
HWI-D00360:5:H814YADXX:1:1208:17759:33171	83	74	74	-8.0	-8.0	-2.7158584594726562e0	-2.7158594170913375e0	-2.7158594252273929e0	c271d95dba362ffb	c271d95dba362ffb	KEEP	KEEP	false
HWI-D00360:5:H814YADXX:1:1212:12402:73354	163	128	128	-8.0	-8.0	-1.7291166305541992e1	-1.7291166957871610e1	-1.7291166974389000e1	24c70f85fc3bc595	24c70f85fc3bc595	DROP	DROP	false
HWI-D00360:5:H814YADXX:1:1214:10460:36288	147	148	148	-8.0	-8.0	-2.6469039916992188e0	-2.6469054642464585e0	-2.6469054834396957e0	65ecab37015c4ded	65ecab37015c4ded	KEEP	KEEP	false
HWI-D00360:5:H814YADXX:1:2106:9068:58347	99	31	31	-4.0	-4.0	-2.6963043212890625e0	-2.6963045361441687e0	-2.6963045399111820e0	a849791c2b4203ee	a849791c2b4203ee	KEEP	KEEP	false
HWI-D00360:5:H814YADXX:1:2106:9068:58347	147	58	58	-8.0	-8.0	-2.7182502746582031e0	-2.7182492476853781e0	-2.7182492555731983e0	5c15d6193ce64f9f	c59cd4408a696108	KEEP	KEEP	false
HWI-D00360:5:H814YADXX:1:2107:18856:69250	163	148	148	-8.0	-8.0	-9.7059631347656250e0	-9.7059631006850395e0	-9.7059631200206127e0	ecd9cfeb09b64cc9	ecd9cfeb09b64cc9	DROP	DROP	false
HWI-D00360:5:H814YADXX:1:2108:13190:7119	99	148	148	-8.0	-8.0	-2.6554336547851562e0	-2.6554340687906688e0	-2.6554340892191703e0	c271d95dba362ffb	c271d95dba362ffb	KEEP	KEEP	false
HWI-D00360:5:H814YADXX:1:2108:18519:51822	99	148	148	-8.0	-8.0	-2.6456489562988281e0	-2.6456494577901708e0	-2.6456494785728069e0	c271d95dba362ffb	c271d95dba362ffb	KEEP	KEEP	false
HWI-D00360:5:H814YADXX:1:2111:2929:6473	147	144	144	-8.0	-8.0	-2.1655599594116211e1	-2.1655598962711622e1	-2.1655598980905438e1	009b3e4fc3c00bfa	009b3e4fc3c00bfa	DROP	DROP	false
HWI-D00360:5:H814YADXX:1:2112:1840:52441	83	122	122	-8.0	-8.0	-6.0197505950927734e0	-6.0197508937445718e0	-6.0197509105746008e0	c59cd4408a696108	c59cd4408a696108	KEEP	KEEP	false
HWI-D00360:5:H814YADXX:1:2210:1519:23479	147	18	18	-4.0	-4.0	-2.5694122314453125e0	-2.5694130251587239e0	-2.5694130274615077e0	a849791c2b4203ee	c59cd4408a696108	KEEP	KEEP	false
HWI-D00360:5:H814YADXX:1:2211:7940:52994	83	41	41	-4.0	-4.0	-2.5872001647949219e0	-2.5872009628695878e0	-2.5872009683826604e0	c271d95dba362ffb	c271d95dba362ffb	KEEP	KEEP	false
HWI-D00360:5:H814YADXX:1:2215:1427:64469	83	98	98	-8.0	-8.0	-2.6352272033691406e0	-2.6352260104198990e0	-2.6352260240465171e0	c59cd4408a696108	c59cd4408a696108	KEEP	KEEP	false
HWI-D00360:5:H814YADXX:1:2215:1952:63955	99	148	148	-8.0	-8.0	-1.6128995895385742e1	-1.6128995291837498e1	-1.6128995310527671e1	70c5fefeb88e0b16	70c5fefeb88e0b16	DROP	DROP	false
HWI-D00360:5:H814YADXX:1:2216:10487:39079	147	45	45	-4.0	-4.0	-2.5910453796386719e0	-2.5910443653214656e0	-2.5910443713430595e0	a849791c2b4203ee	a849791c2b4203ee	KEEP	KEEP	false
HWI-D00360:5:H814YADXX:2:1102:8133:87063	99	40	40	-4.0	-4.0	-2.5727386474609375e0	-2.5727369972994438e0	-2.5727370022211176e0	a849791c2b4203ee	a849791c2b4203ee	KEEP	KEEP	false
HWI-D00360:5:H814YADXX:2:1102:8133:87063	147	148	148	-8.0	-8.0	-2.6437377929687500e0	-2.6437394750206522e0	-2.6437394925383160e0	c271d95dba362ffb	c271d95dba362ffb	KEEP	KEEP	false
HWI-D00360:5:H814YADXX:2:1108:10112:66562	147	112	112	-8.0	-8.0	-9.3888702392578125e0	-9.3888696164988801e0	-9.3888696312640150e0	c271d95dba362ffb	c271d95dba362ffb	DROP	DROP	false
HWI-D00360:5:H814YADXX:2:1109:4475:85583	147	52	52	-8.0	-8.0	-2.5752868652343750e0	-2.5752863328636977e0	-2.5752863383484055e0	91f3de0e1511601f	91f3de0e1511601f	KEEP	KEEP	false
HWI-D00360:5:H814YADXX:2:1110:14764:95543	83	139	139	-8.0	-8.0	-1.2768777847290039e1	-1.2768777049676714e1	-1.2768777067965800e1	c59cd4408a696108	c59cd4408a696108	DROP	DROP	false
HWI-D00360:5:H814YADXX:2:1113:5150:90271	83	37	37	-4.0	-4.0	-2.5841178894042969e0	-2.5841164613892147e0	-2.5841164664823850e0	a849791c2b4203ee	a849791c2b4203ee	KEEP	KEEP	false
HWI-D00360:5:H814YADXX:2:1202:19283:18749	99	88	88	-8.0	-8.0	-2.5985679626464844e0	-2.5985659947031650e0	-2.5985660062501097e0	009b3e4fc3c00bfa	009b3e4fc3c00bfa	KEEP	KEEP	false
HWI-D00360:5:H814YADXX:2:1205:3134:10685	147	17	17	-4.0	-4.0	-2.5682144165039062e0	-2.5682137581264897e0	-2.5682137601853583e0	c271d95dba362ffb	c59cd4408a696108	KEEP	KEEP	false
HWI-D00360:5:H814YADXX:2:1211:2735:67553	163	83	83	-8.0	-8.0	-3.0021629333496094e0	-3.0021627093311736e0	-3.0021627200737271e0	009b3e4fc3c00bfa	009b3e4fc3c00bfa	KEEP	KEEP	false
HWI-D00360:5:H814YADXX:2:1215:5473:9691	83	132	132	-8.0	-8.0	-9.3669052124023438e0	-9.3669057998469611e0	-9.3669058154650315e0	150250adf6ff10df	150250adf6ff10df	DROP	DROP	false
HWI-D00360:5:H814YADXX:2:2103:11091:87063	99	145	145	-8.0	-8.0	-2.6783676147460938e0	-2.6783689454595674e0	-2.6783689639657950e0	24c70f85fc3bc595	24c70f85fc3bc595	KEEP	KEEP	false
HWI-D00360:5:H814YADXX:2:2103:4936:45407	83	98	98	-8.0	-8.0	-6.0821762084960938e0	-6.0821765660933806e0	-6.0821765767182683e0	89c6d3791de60a14	89c6d3791de60a14	KEEP	KEEP	false
HWI-D00360:5:H814YADXX:2:2107:1177:54891	83	89	89	-8.0	-8.0	-2.7332954406738281e0	-2.7332963592705823e0	-2.7332963689652274e0	5c14fc1598ce818a	5c14fc1598ce818a	KEEP	KEEP	false
HWI-D00360:5:H814YADXX:2:2107:14652:60528	83	70	70	-8.0	-8.0	-2.6086921691894531e0	-2.6086935425819888e0	-2.6086935519616077e0	009b3e4fc3c00bfa	009b3e4fc3c00bfa	KEEP	KEEP	false
HWI-D00360:5:H814YADXX:2:2107:21017:54177	147	124	124	-8.0	-8.0	-6.1296901702880859e0	-6.1296892141533021e0	-6.1296892283559714e0	ed8a8a8547a91805	ed8a8a8547a91805	KEEP	KEEP	false
HWI-D00360:5:H814YADXX:2:2115:12245:9577	147	148	148	-8.0	-8.0	-1.2878297805786133e1	-1.2878297864850822e1	-1.2878297883570553e1	ecd9cfeb09b64cc9	ecd9cfeb09b64cc9	DROP	DROP	false
HWI-D00360:5:H814YADXX:2:2204:18570:22480	147	148	148	-8.0	-8.0	-2.9806125640869141e1	-2.9806124914446116e1	-2.9806124933367926e1	1906c7405fb62081	1906c7405fb62081	DROP	DROP	false
HWI-D00360:5:H814YADXX:2:2207:19511:63503	83	148	148	-8.0	-8.0	-2.6425132751464844e0	-2.6425135662100274e0	-2.6425135858630142e0	24c70f85fc3bc595	24c70f85fc3bc595	KEEP	KEEP	false
HWI-D00360:5:H814YADXX:2:2209:16484:91770	147	52	52	-8.0	-8.0	-2.5762405395507812e0	-2.5762394974039466e0	-2.5762395028836522e0	c271d95dba362ffb	89c6d3791de60a14	KEEP	KEEP	false
HWI-D00360:5:H814YADXX:2:2211:1401:25869	99	98	98	-8.0	-8.0	-2.6534881591796875e0	-2.6534870730419584e0	-2.6534870843108820e0	5c14fc1598ce818a	5c14fc1598ce818a	KEEP	KEEP	false
HWI-D00360:5:H814YADXX:2:2212:11189:79751	163	148	148	-8.0	-8.0	-2.7750129699707031e0	-2.7750142213063214e0	-2.7750142401927747e0	c271d95dba362ffb	24c70f85fc3bc595	KEEP	KEEP	false
HWI-D00360:5:H814YADXX:2:2215:4392:84484	147	124	124	-8.0	-8.0	-2.9092254638671875e0	-2.9092240409843839e0	-2.9092240553464421e0	c271d95dba362ffb	1dd66445a07ff86c	KEEP	KEEP	false
HWI-D00360:6:H81VLADXX:1:1102:1483:21701	163	84	84	-8.0	-8.0	-2.6139831542968750e0	-2.6139841483017676e0	-2.6139841579417293e0	c271d95dba362ffb	c271d95dba362ffb	KEEP	KEEP	false
HWI-D00360:6:H81VLADXX:1:1102:16926:25984	147	63	63	-8.0	-8.0	-2.6045455932617188e0	-2.6045457497131679e0	-2.6045457581178084e0	009b3e4fc3c00bfa	009b3e4fc3c00bfa	KEEP	KEEP	false
HWI-D00360:6:H81VLADXX:1:1103:1948:22968	147	19	19	-4.0	-4.0	-2.6969680786132812e0	-2.6969661526718482e0	-2.6969661546417001e0	c271d95dba362ffb	c271d95dba362ffb	KEEP	KEEP	false
HWI-D00360:6:H81VLADXX:1:1104:11023:44992	147	77	77	-8.0	-8.0	-2.6122436523437500e0	-2.6122434248079571e0	-2.6122434349843502e0	009b3e4fc3c00bfa	009b3e4fc3c00bfa	KEEP	KEEP	false
HWI-D00360:6:H81VLADXX:1:1106:2309:59640	163	148	148	-8.0	-8.0	-9.6861610412597656e0	-9.6861605631053180e0	-9.6861605816007454e0	ecd9cfeb09b64cc9	ecd9cfeb09b64cc9	DROP	DROP	false
HWI-D00360:6:H81VLADXX:1:1114:7759:88003	147	148	148	-8.0	-8.0	-2.6425781250000000e0	-2.6425778639274995e0	-2.6425778836262452e0	c271d95dba362ffb	c271d95dba362ffb	KEEP	KEEP	false
HWI-D00360:6:H81VLADXX:1:1210:4156:72506	83	90	90	-8.0	-8.0	-9.3568649291992188e0	-9.3568647393327637e0	-9.3568647491979391e0	5c14fc1598ce818a	5c14fc1598ce818a	DROP	DROP	false
HWI-D00360:6:H81VLADXX:1:1216:15328:67949	147	53	53	-8.0	-8.0	-2.5961647033691406e0	-2.5961623892472971e0	-2.5961623963240186e0	a849791c2b4203ee	a849791c2b4203ee	KEEP	KEEP	false
HWI-D00360:6:H81VLADXX:1:2101:16091:54483	163	60	60	-8.0	-8.0	-2.5814285278320312e0	-2.5814284495276070e0	-2.5814284568893981e0	009b3e4fc3c00bfa	009b3e4fc3c00bfa	KEEP	KEEP	false
HWI-D00360:6:H81VLADXX:1:2105:13991:32173	83	79	79	-8.0	-8.0	-2.7449684143066406e0	-2.7449676077378058e0	-2.7449676184766076e0	5c15d6193ce64f9f	5c15d6193ce64f9f	KEEP	KEEP	false
HWI-D00360:6:H81VLADXX:1:2111:8327:53968	83	77	77	-8.0	-8.0	-9.1639938354492188e0	-9.1639929517232872e0	-9.1639929618941096e0	1906c7405fb62081	1906c7405fb62081	DROP	DROP	false
HWI-D00360:6:H81VLADXX:1:2114:6336:70074	147	121	121	-8.0	-8.0	-1.2418951034545898e1	-1.2418951668931356e1	-1.2418951684824606e1	c271d95dba362ffb	c271d95dba362ffb	DROP	DROP	false
HWI-D00360:6:H81VLADXX:1:2203:12713:95012	83	31	31	-4.0	-4.0	-2.5790939331054688e0	-2.5790946986188601e0	-2.5790947028581286e0	c271d95dba362ffb	c271d95dba362ffb	KEEP	KEEP	false
HWI-D00360:6:H81VLADXX:1:2203:1932:59119	83	129	129	-8.0	-8.0	-2.6311874389648438e0	-2.6311886462496545e0	-2.6311886616638276e0	c271d95dba362ffb	1dd66445a07ff86c	KEEP	KEEP	false
HWI-D00360:6:H81VLADXX:1:2205:10672:77847	163	148	148	-8.0	-8.0	-2.0974433898925781e1	-2.0974434313118479e1	-2.0974434331518921e1	24c70f85fc3bc595	24c70f85fc3bc595	DROP	DROP	false
HWI-D00360:6:H81VLADXX:1:2212:1317:49311	163	27	27	-4.0	-4.0	-2.5751647949218750e0	-2.5751653294274206e0	-2.5751653327536701e0	c271d95dba362ffb	c271d95dba362ffb	KEEP	KEEP	false
HWI-D00360:6:H81VLADXX:1:2215:18403:32553	83	148	148	-8.0	-8.0	-8.7288722991943359e0	-8.7288726844178655e0	-8.7288727024448463e0	ecd9cfeb09b64cc9	ecd9cfeb09b64cc9	DROP	DROP	false
HWI-D00360:6:H81VLADXX:1:2215:4104:2300	147	111	111	-8.0	-8.0	-9.4666309356689453e0	-9.4666305245910962e0	-9.4666305369466954e0	2e61b003aa3de104	2e61b003aa3de104	DROP	DROP	false
HWI-D00360:6:H81VLADXX:2:1103:9648:12748	99	31	31	-4.0	-4.0	-2.5695724487304688e0	-2.5695717303318020e0	-2.5695717340813644e0	a849791c2b4203ee	a849791c2b4203ee	KEEP	KEEP	false
HWI-D00360:6:H81VLADXX:2:1104:15554:2818	83	39	39	-4.0	-4.0	-2.5716438293457031e0	-2.5716449634263654e0	-2.5716449675837225e0	c271d95dba362ffb	c271d95dba362ffb	KEEP	KEEP	false
HWI-D00360:6:H81VLADXX:2:1104:15554:2818	163	106	106	-8.0	-8.0	-2.6123123168945312e0	-2.6123104629116369e0	-2.6123104763963738e0	24c70f85fc3bc595	24c70f85fc3bc595	KEEP	KEEP	false
HWI-D00360:6:H81VLADXX:2:1116:2361:8950	163	94	94	-8.0	-8.0	-2.6174774169921875e0	-2.6174765330616765e0	-2.6174765437252745e0	5c14fc1598ce818a	5c14fc1598ce818a	KEEP	KEEP	false
HWI-D00360:6:H81VLADXX:2:1202:18367:85709	163	48	48	-4.0	-4.0	-2.5908203125000000e0	-2.5908191429067529e0	-2.5908191486309988e0	c271d95dba362ffb	89c6d3791de60a14	KEEP	KEEP	false
HWI-D00360:6:H81VLADXX:2:1202:8479:47693	163	128	128	-8.0	-8.0	-2.6484756469726562e0	-2.6484758448944490e0	-2.6484758613187864e0	24c70f85fc3bc595	24c70f85fc3bc595	KEEP	KEEP	false
HWI-D00360:6:H81VLADXX:2:1215:11178:56038	83	84	84	-8.0	-8.0	-5.8989410400390625e0	-5.8989408401145624e0	-5.8989408519577182e0	c59cd4408a696108	c59cd4408a696108	KEEP	KEEP	false
HWI-D00360:6:H81VLADXX:2:2103:8562:24900	99	57	57	-8.0	-8.0	-5.8851375579833984e0	-5.8851368416279115e0	-5.8851368485078979e0	c271d95dba362ffb	c271d95dba362ffb	KEEP	KEEP	false
HWI-D00360:6:H81VLADXX:2:2111:17451:73433	83	27	27	-4.0	-4.0	-2.5766296386718750e0	-2.5766307008296963e0	-2.5766307045988697e0	a849791c2b4203ee	a849791c2b4203ee	KEEP	KEEP	false
HWI-D00360:6:H81VLADXX:2:2115:16939:20047	83	15	15	-4.0	-4.0	-2.5668792724609375e0	-2.5668800708390336e0	-2.5668800729279155e0	c271d95dba362ffb	c59cd4408a696108	KEEP	KEEP	false
HWI-D00360:6:H81VLADXX:2:2205:5601:38112	147	23	23	-4.0	-4.0	-2.8248291015625000e0	-2.8248281613929294e0	-2.8248281638397543e0	c271d95dba362ffb	c271d95dba362ffb	KEEP	KEEP	false
HWI-D00360:6:H81VLADXX:2:2213:6900:35692	147	29	29	-4.0	-4.0	-2.5800819396972656e0	-2.5800810234655955e0	-2.5800810274839137e0	c271d95dba362ffb	c271d95dba362ffb	KEEP	KEEP	false
HWI-D00360:7:H88WKADXX:1:1102:19955:31801	147	125	125	-8.0	-8.0	-1.6155214309692383e1	-1.6155213440827481e1	-1.6155213456093634e1	c271d95dba362ffb	c271d95dba362ffb	DROP	DROP	false
HWI-D00360:7:H88WKADXX:1:1112:12463:50733	147	16	16	-4.0	-4.0	-2.5708160400390625e0	-2.5708145315757633e0	-2.5708145330193020e0	c271d95dba362ffb	ecd9cfeb09b64cc9	KEEP	KEEP	false
HWI-D00360:7:H88WKADXX:1:1116:9273:30844	83	50	50	-4.0	-4.0	-2.5852279663085938e0	-2.5852259968655744e0	-2.5852260020996596e0	c271d95dba362ffb	89c6d3791de60a14	KEEP	KEEP	false
HWI-D00360:7:H88WKADXX:1:1202:17988:48058	147	111	111	-8.0	-8.0	-1.8554800033569336e1	-1.8554799593533403e1	-1.8554799607418261e1	1906c7405fb62081	1906c7405fb62081	DROP	DROP	false
HWI-D00360:7:H88WKADXX:1:1209:8005:92936	83	106	106	-8.0	-8.0	-5.9375514984130859e0	-5.9375511167609716e0	-5.9375511313772904e0	009b3e4fc3c00bfa	009b3e4fc3c00bfa	KEEP	KEEP	false
HWI-D00360:7:H88WKADXX:1:2103:4658:28658	147	136	136	-8.0	-8.0	-2.6366500854492188e0	-2.6366517112034558e0	-2.6366517274886405e0	24c70f85fc3bc595	24c70f85fc3bc595	KEEP	KEEP	false
HWI-D00360:7:H88WKADXX:1:2103:7800:34534	83	69	69	-8.0	-8.0	-2.6092224121093750e0	-2.6092227546139952e0	-2.6092227634584901e0	5c15d6193ce64f9f	5c15d6193ce64f9f	KEEP	KEEP	false
HWI-D00360:7:H88WKADXX:1:2111:15879:99391	147	140	140	-8.0	-8.0	-1.3467277526855469e1	-1.3467278316569548e1	-1.3467278331891123e1	70c5fefeb88e0b16	70c5fefeb88e0b16	DROP	DROP	false
HWI-D00360:7:H88WKADXX:1:2111:17823:76301	147	122	122	-8.0	-8.0	-2.6385879516601562e0	-2.6385872616715460e0	-2.6385872778642465e0	24c70f85fc3bc595	24c70f85fc3bc595	KEEP	KEEP	false
HWI-D00360:7:H88WKADXX:1:2111:4466:65743	147	38	38	-4.0	-4.0	-2.5734291076660156e0	-2.5734296404071415e0	-2.5734296442842606e0	c271d95dba362ffb	e21e56f2bb86a60b	KEEP	KEEP	false
HWI-D00360:7:H88WKADXX:1:2111:7437:40887	83	94	94	-8.0	-8.0	-2.7546157836914062e0	-2.7546170873181950e0	-2.7546170995485113e0	c59cd4408a696108	c59cd4408a696108	KEEP	KEEP	false
HWI-D00360:7:H88WKADXX:1:2203:20480:101193	163	12	12	-4.0	-4.0	-6.0428237915039062e0	-6.0428240462063627e0	-6.0428240474819859e0	c59cd4408a696108	c59cd4408a696108	DROP	DROP	false
HWI-D00360:7:H88WKADXX:1:2211:9082:22140	83	107	107	-8.0	-8.0	-2.7821273803710938e0	-2.7821282014879216e0	-2.7821282148545379e0	24c70f85fc3bc595	24c70f85fc3bc595	KEEP	KEEP	false
HWI-D00360:7:H88WKADXX:1:2212:14347:75721	83	148	148	-8.0	-8.0	-1.6047847747802734e1	-1.6047846783156956e1	-1.6047846801947571e1	c43aac903446de45	c43aac903446de45	DROP	DROP	false
HWI-D00360:7:H88WKADXX:2:1105:8086:83865	147	103	103	-8.0	-8.0	-5.9296817779541016e0	-5.9296828171768539e0	-5.9296828312295133e0	009b3e4fc3c00bfa	009b3e4fc3c00bfa	KEEP	KEEP	false
HWI-D00360:7:H88WKADXX:2:1206:11064:69408	147	57	57	-8.0	-8.0	-2.5993080139160156e0	-2.5993066499601696e0	-2.5993066577632931e0	5c15d6193ce64f9f	c59cd4408a696108	KEEP	KEEP	false
HWI-D00360:7:H88WKADXX:2:1206:6658:94818	147	15	15	-4.0	-4.0	-2.5671195983886719e0	-2.5671187645548343e0	-2.5671187665853381e0	c271d95dba362ffb	c59cd4408a696108	KEEP	KEEP	false
HWI-D00360:7:H88WKADXX:2:1210:8920:81214	147	85	85	-8.0	-8.0	-2.7643356323242188e0	-2.7643370642007312e0	-2.7643370735151507e0	5c14fc1598ce818a	5c14fc1598ce818a	KEEP	KEEP	false
HWI-D00360:7:H88WKADXX:2:1214:6938:52704	83	57	57	-8.0	-8.0	-2.5797843933105469e0	-2.5797836346305871e0	-2.5797836408486319e0	e21e56f2bb86a60b	e21e56f2bb86a60b	KEEP	KEEP	false
HWI-D00360:7:H88WKADXX:2:2102:14743:6741	163	109	109	-8.0	-8.0	-2.6193695068359375e0	-2.6193685812581862e0	-2.6193685941407807e0	24c70f85fc3bc595	24c70f85fc3bc595	KEEP	KEEP	false
HWI-D00360:7:H88WKADXX:2:2105:16900:85825	83	105	105	-8.0	-8.0	-6.7193813323974609e0	-6.7193819746340182e0	-6.7193819861533939e0	5c14fc1598ce818a	5c14fc1598ce818a	KEEP	KEEP	false
HWI-D00360:7:H88WKADXX:2:2106:13368:29882	163	86	86	-8.0	-8.0	-3.1335029602050781e0	-3.1335026767828822e0	-3.1335026867094484e0	c271d95dba362ffb	c271d95dba362ffb	KEEP	KEEP	false
HWI-D00360:7:H88WKADXX:2:2107:6787:30989	99	148	148	-8.0	-8.0	-6.9891643524169922e0	-6.9891653160266287e0	-6.9891653352998446e0	65ecab37015c4ded	65ecab37015c4ded	KEEP	KEEP	false
HWI-D00360:7:H88WKADXX:2:2107:6787:30989	147	148	148	-8.0	-8.0	-3.0426673889160156e0	-3.0426684493178300e0	-3.0426684662172079e0	1dd66445a07ff86c	1dd66445a07ff86c	KEEP	KEEP	false
HWI-D00360:7:H88WKADXX:2:2209:12675:63734	163	105	105	-8.0	-8.0	-6.5176639556884766e0	-6.5176635062666151e0	-6.5176635199528050e0	009b3e4fc3c00bfa	009b3e4fc3c00bfa	KEEP	KEEP	false
HWI-D00360:7:H88WKADXX:2:2213:17619:35416	83	90	90	-8.0	-8.0	-2.6333351135253906e0	-2.6333367935473007e0	-2.6333368049997148e0	009b3e4fc3c00bfa	009b3e4fc3c00bfa	KEEP	KEEP	false
HWI-D00360:7:H88WKADXX:2:2214:11265:79791	83	148	148	-8.0	-8.0	-2.7473754882812500e0	-2.7473746321758199e0	-2.7473746491249358e0	c271d95dba362ffb	c271d95dba362ffb	KEEP	KEEP	false
HWI-D00360:7:H88WKADXX:2:2214:11265:79791	163	148	148	-8.0	-8.0	-2.7497482299804688e0	-2.7497469720539129e0	-2.7497469902009470e0	c271d95dba362ffb	c271d95dba362ffb	KEEP	KEEP	false
HWI-D00360:8:H88U0ADXX:1:1101:14447:3965	147	45	45	-4.0	-4.0	-2.5742187500000000e0	-2.5742185613705715e0	-2.5742185660972154e0	91f3de0e1511601f	91f3de0e1511601f	KEEP	KEEP	false
HWI-D00360:8:H88U0ADXX:1:1106:10867:71386	83	12	12	-4.0	-4.0	-2.5618019104003906e0	-2.5618013576261092e0	-2.5618013586841357e0	c271d95dba362ffb	c59cd4408a696108	KEEP	KEEP	false
HWI-D00360:8:H88U0ADXX:1:1106:15654:72455	83	60	60	-8.0	-8.0	-2.5815086364746094e0	-2.5815088266380712e0	-2.5815088333088170e0	c271d95dba362ffb	c271d95dba362ffb	KEEP	KEEP	false
HWI-D00360:8:H88U0ADXX:1:1114:5563:73517	99	91	91	-8.0	-8.0	-2.6171798706054688e0	-2.6171810531092774e0	-2.6171810634646704e0	c271d95dba362ffb	c271d95dba362ffb	KEEP	KEEP	false
HWI-D00360:8:H88U0ADXX:1:1202:9544:72702	99	74	74	-8.0	-8.0	-2.5898323059082031e0	-2.5898319112162653e0	-2.5898319208161524e0	009b3e4fc3c00bfa	009b3e4fc3c00bfa	KEEP	KEEP	false
HWI-D00360:8:H88U0ADXX:1:1202:9544:72702	147	47	47	-4.0	-4.0	-2.5745544433593750e0	-2.5745546763200764e0	-2.5745546812427733e0	c271d95dba362ffb	c271d95dba362ffb	KEEP	KEEP	false
HWI-D00360:8:H88U0ADXX:1:1207:4297:19722	83	24	24	-4.0	-4.0	-2.5735549926757812e0	-2.5735526624448539e0	-2.5735526657382479e0	a849791c2b4203ee	a849791c2b4203ee	KEEP	KEEP	false
HWI-D00360:8:H88U0ADXX:1:1213:15859:70428	99	113	113	-8.0	-8.0	-2.6280517578125000e0	-2.6280529025961528e0	-2.6280529163258279e0	c271d95dba362ffb	c271d95dba362ffb	KEEP	KEEP	false
HWI-D00360:8:H88U0ADXX:1:2105:12953:82756	147	148	148	-8.0	-8.0	-2.6450004577636719e0	-2.6450022071068133e0	-2.6450022262292237e0	65ecab37015c4ded	65ecab37015c4ded	KEEP	KEEP	false
HWI-D00360:8:H88U0ADXX:1:2106:20641:10768	83	148	148	-8.0	-8.0	-2.6480636596679688e0	-2.6480654597807529e0	-2.6480654775549510e0	c271d95dba362ffb	c271d95dba362ffb	KEEP	KEEP	false
HWI-D00360:8:H88U0ADXX:1:2108:16806:75328	163	70	70	-8.0	-8.0	-2.6255531311035156e0	-2.6255524750783934e0	-2.6255524833240997e0	c271d95dba362ffb	c271d95dba362ffb	KEEP	KEEP	false
HWI-D00360:8:H88U0ADXX:1:2108:17586:63513	83	148	148	-8.0	-8.0	-2.6432838439941406e0	-2.6432844506055631e0	-2.6432844706091032e0	65ecab37015c4ded	5c14fc1598ce818a	KEEP	KEEP	false
HWI-D00360:8:H88U0ADXX:1:2201:20293:70383	83	88	88	-8.0	-8.0	-6.3756294250488281e0	-6.3756297647440192e0	-6.3756297743786945e0	91f3de0e1511601f	91f3de0e1511601f	KEEP	KEEP	false
HWI-D00360:8:H88U0ADXX:1:2213:15618:11579	163	77	77	-8.0	-8.0	-5.8866024017333984e0	-5.8866027047943703e0	-5.8866027133295802e0	89c6d3791de60a14	89c6d3791de60a14	KEEP	KEEP	false
HWI-D00360:8:H88U0ADXX:2:1105:14270:89425	83	70	70	-8.0	-8.0	-2.6132812500000000e0	-2.6132801567136994e0	-2.6132801662914176e0	5c15d6193ce64f9f	5c15d6193ce64f9f	KEEP	KEEP	false
HWI-D00360:8:H88U0ADXX:2:1106:13399:2229	83	11	11	-4.0	-4.0	-2.5633850097656250e0	-2.5633858427034397e0	-2.5633858440232302e0	c271d95dba362ffb	c59cd4408a696108	KEEP	KEEP	false
HWI-D00360:8:H88U0ADXX:2:1116:13828:55178	99	148	148	-8.0	-8.0	-2.6433181762695312e0	-2.6433176565678309e0	-2.6433176760140213e0	c271d95dba362ffb	c271d95dba362ffb	KEEP	KEEP	false
HWI-D00360:8:H88U0ADXX:2:1202:18969:75230	83	28	28	-4.0	-4.0	-2.5768127441406250e0	-2.5768130131006615e0	-2.5768130170008590e0	c271d95dba362ffb	c271d95dba362ffb	KEEP	KEEP	false
HWI-D00360:8:H88U0ADXX:2:1202:2167:29450	147	121	121	-8.0	-8.0	-9.6019897460937500e0	-9.6019891958216590e0	-9.6019892121436783e0	c59cd4408a696108	c59cd4408a696108	DROP	DROP	false
HWI-D00360:8:H88U0ADXX:2:1206:5788:95711	163	107	107	-8.0	-8.0	-9.5434722900390625e0	-9.5434729602459925e0	-9.5434729724215686e0	89c6d3791de60a14	89c6d3791de60a14	DROP	DROP	false
HWI-D00360:8:H88U0ADXX:2:1213:15376:17578	163	78	78	-8.0	-8.0	-1.2008958816528320e1	-1.2008958662233340e1	-1.2008958671239782e1	e21e56f2bb86a60b	91f3de0e1511601f	DROP	DROP	false
HWI-D00360:8:H88U0ADXX:2:2101:7566:46476	83	64	64	-8.0	-8.0	-2.6030311584472656e0	-2.6030291110882899e0	-2.6030291197831730e0	5c15d6193ce64f9f	5c15d6193ce64f9f	KEEP	KEEP	false
HWI-D00360:8:H88U0ADXX:2:2105:9169:69257	147	20	20	-4.0	-4.0	-2.5710868835449219e0	-2.5710881649147268e0	-2.5710881675444739e0	a849791c2b4203ee	a849791c2b4203ee	KEEP	KEEP	false
HWI-D00360:8:H88U0ADXX:2:2116:18276:75958	147	148	148	-8.0	-8.0	-2.6414566040039062e0	-2.6414586053670632e0	-2.6414586228556800e0	c271d95dba362ffb	c271d95dba362ffb	KEEP	KEEP	false
HWI-D00360:8:H88U0ADXX:2:2201:20089:6826	83	68	68	-8.0	-8.0	-9.0603408813476562e0	-9.0603410206913395e0	-9.0603410296982361e0	a849791c2b4203ee	a849791c2b4203ee	DROP	DROP	false
HWI-D00360:8:H88U0ADXX:2:2214:8541:27804	83	96	96	-8.0	-8.0	-6.0207481384277344e0	-6.0207482250319799e0	-6.0207482384664104e0	c59cd4408a696108	c59cd4408a696108	KEEP	KEEP	false
