# Frozen Java GATK 4.4.0.0 SeqGraph k-best top-128 (k=25, K=128)
# Window: 20:29455895-29456393 (active 20:29455995-29456293)
# Source dump: parity/giab/runs/local-pairhmm-diff/6r133_java.txt
# Pin: GATK 4.4.0.0 SHA 2dbc025821bc5f686c423ff332a41e6cef892a77
# Unique-set identity with Rust unbounded_diagnostic is the 6R.140/6R.141 oracle.
# 6R.141: Rust completed-path order under unbounded_diagnostic is identical to this rank order.
rank	hash	score	isRef	len
0	659741f99b7f78a5	-2.65161706	false	499
1	41122a0943f2b2f9	-2.76968390	false	499
2	37bb4559b9e37a6b	-2.77655579	false	499
3	f05b5038d157496f	-2.83217722	false	500
4	2dbab06be87a8f0b	-2.88570026	false	499
5	0c72f07d24a127e3	-2.95024407	false	500
6	004002c704000490	-2.95711596	false	500
7	4f8f52501a03d6f1	-2.95711596	false	500
8	89c890c41b7e091f	-3.00376711	false	499
9	ae7e4b80b31a5ec5	-3.01063900	false	499
10	a0f8de8773bfe852	-3.04115770	false	498
11	207bc67af3d824fa	-3.05320244	false	499
12	5ca3d1cd3e399fb9	-3.06626043	false	500
13	7f210e6a177f0264	-3.07518281	false	500
14	abbaeec91aadb012	-3.08205470	false	500
15	4fdb0744f057c47d	-3.09559466	false	499
16	089f6b672238412b	-3.12607882	false	499
17	1929d9c98ac0f6c4	-3.13390415	false	499
18	7d857a0687666446	-3.15922454	false	498
19	2c580e1ccb3a33d0	-3.16609643	false	498
20	26ad86610a5909ee	-3.17126929	false	499
21	c9ff8b31d46c89f8	-3.17814118	false	499
22	cae0cb46b1c5885d	-3.18432727	false	500
23	bf776981bea4f756	-3.19119917	false	500
24	d063509c5382dd97	-3.19119917	false	500
25	da44302dc48e3ac6	-3.20596794	false	499
26	0be687f2e12ed9b1	-3.21366150	false	499
27	211497eda5a286fe	-3.21973052	false	499
28	1d91e21f50b6dd83	-3.22053339	false	499
29	2860183222493618	-3.22921500	false	499
30	1ee7f659fc97be40	-3.23376261	false	500
31	f297196868252abf	-3.24414566	false	499
32	d27958d1a5f4d93e	-3.24680516	false	498
33	8bd3b6dce90b9047	-3.24680516	false	498
34	661fefb7c9a1fc65	-3.25101755	false	499
35	a46f9f18622cedc8	-3.25197100	false	499
36	ea882b244918cf3e	-3.25884289	false	499
37	0550ffd37f5433c4	-3.26263189	false	500
38	ec44e3a03086ca61	-3.26800560	false	499
39	0e5107a81bea4394	-3.27524090	false	498
40	4b085898acecfb97	-3.27615482	false	500
41	f070cee4a4e4e2dc	-3.28728565	false	499
42	14f5c3e554cdb1b5	-3.30663898	false	500
43	0ce9b002254056ca	-3.30926601	false	500
44	66aff296512c21d6	-3.31446432	false	500
45	0f5afbe41596827c	-3.31613790	false	500
46	fa3cc45652d53fec	-3.32169962	false	499
47	4b317b7820c4f87a	-3.32403479	false	499
48	0064761dd1f4e613	-3.32967786	false	499
49	a5eb78d195312e6c	-3.33090668	false	499
50	8800b005df6c67fa	-3.33305710	false	499
51	12195fc958af0092	-3.33779736	false	499
52	2987d742a0800e84	-3.34466926	false	499
53	f3a2b237054e49b1	-3.34477702	false	499
54	3b82f8a33b8b4842	-3.34498318	false	499
55	16209d1c8b66964c	-3.34728185	false	499
56	28b8f48b3a0c4954	-3.35182945	false	500
57	a8505116980d761a	-3.35415374	false	499
58	3f1e9e981f17445f	-3.35870135	false	500
59	11f7980113beb502	-3.35870135	false	500
60	3edefab248c34151	-3.36016202	false	499
61	f506eff4ee5fa5f8	-3.36523264	false	499
62	62a6147459fe327a	-3.36798736	false	499
63	6820bf3fe700ae78	-3.37969157	false	499
64	9096c52256c02ac8	-3.38069874	false	500
65	9dd92dfc8b99cb65	-3.38607245	false	499
66	d6af512e3dac0c3e	-3.38757063	false	500
67	396b61191a2141b5	-3.39197975	false	499
68	06689ffb514fa9df	-3.39294434	false	499
69	b9a8403b7e5f4558	-3.39330775	false	498
70	3539e0087e9e4dab	-3.39422167	false	500
71	3945ce715630684e	-3.40017964	false	498
72	7d951f9bb52a593c	-3.40029069	false	500
73	eddddb4ac73ba968	-3.40109356	false	500
74	d748d9c997a3bdb9	-3.40109356	false	500
75	596d343d85bdef20	-3.40535250	false	499
76	97fe795dace5105e	-3.40977517	false	500
77	c5cc45be1987d836	-3.41222439	false	499
78	03bb4e1694b72889	-3.42470583	false	500
79	f33e12f804efb2c3	-3.42596469	false	499
80	c6aabe47fdec00e8	-3.42736532	false	499
81	c153e188b07c4dd5	-3.42736532	false	499
82	03f0b32777289242	-3.43157772	false	500
83	aee14d882c63d87b	-3.43157772	false	500
84	a91ddb552d1ae165	-3.43190594	false	499
85	b4223916b7c7814a	-3.43253116	false	500
86	38e64cc1cc854a99	-3.43940306	false	500
87	b69384f8a81dacfc	-3.43940306	false	500
88	7e9dcd579ef958f0	-3.43976647	false	499
89	22251eff96c29d40	-3.44005115	false	499
90	a8af65157ade579d	-3.44274308	false	498
91	2e957bb282324c46	-3.44663836	false	499
92	7e5cb1b2c2a00607	-3.44774471	false	499
93	b15ebbc81b43e2ef	-3.44856577	false	500
94	5574e06b6507978d	-3.45461660	false	499
95	99560fd1f5c1d6aa	-3.46276857	false	499
96	33f14df8d1c9f4b5	-3.46284386	false	499
97	5ceef9dd3d8463f6	-3.46305003	false	499
98	62834ca95fd3b822	-3.46329821	false	499
99	d70707882a635bc6	-3.46784582	false	500
100	4d9caa5b49f8f22f	-3.46971575	false	499
101	f767b9861f86f280	-3.46992192	false	499
102	5c761bc33fb55d8e	-3.46996799	false	499
103	37c8e0f17d226fd3	-3.47676819	false	500
104	775f0730b5879e55	-3.47822887	false	499
105	c504f9e9bd2131dc	-3.48088836	false	498
106	37731069a1f36489	-3.48088836	false	498
107	d3f5e18d940a0f2c	-3.48329948	false	499
108	24fae23cfe4e64e1	-3.48364008	false	500
109	f22e1ea85ddd5bcf	-3.48510076	false	499
110	1b94180692f6bc4a	-3.48513529	false	498
111	68d7d45a707f176e	-3.48605420	false	499
112	6496d35269be4f32	-3.48984321	false	499
113	4b832b3e0dcb40fa	-3.49017137	false	499
114	0c29d92b3a929778	-3.49292610	false	499
115	88d32e877e8d5842	-3.49671510	false	500
116	2deb0e79793774d2	-3.49718004	false	499
117	470fb0d88cab17ac	-3.49775842	false	499
118	71ad6a8a08043d3f	-3.50208881	false	499
119	bfb7f02cef244376	-3.50225979	false	500
120	be9cfa89066c497a	-3.50463031	false	499
121	05ab2f4159cd344b	-3.50629006	false	499
122	896e5fa30fd6c161	-3.51023803	false	500
123	effbd80c32dc7220	-3.51361727	false	500
124	2b363803eec09e9c	-3.51561945	false	498
125	d356eabbf1b7687b	-3.51691848	false	499
126	c13ec4a230758900	-3.51835753	false	500
127	71bb3c9c21ab2c9c	-3.51916040	false	500
