contig	pos	gl0	gl1	gl2	gq	dp	active_prob
chr1	5	-0.00004343	-0.30105895	-4.47712125	3	1	0
chr1	6	-0.00004343	-0.30105895	-4.47712125	3	1	0
chr1	7	-0.00004343	-0.30105895	-4.47712125	3	1	0
chr1	8	-0.00004343	-0.30105895	-4.47712125	3	1	0
chr1	9	-0.00004343	-0.30105895	-4.47712125	3	1	0
chr1	10	-0.00004343	-0.30105895	-4.47712125	3	1	0
chr1	11	-0.00004343	-0.30105895	-4.47712125	3	1	0
chr1	12	-0.00004343	-0.30105895	-4.47712125	3	1	0
chr1	13	-0.00004343	-0.30105895	-4.47712125	3	1	0
chr1	14	-0.00004343	-0.30105895	-4.47712125	3	1	0
chr1	15	-0.00004343	-0.30105895	-4.47712125	3	1	0
